{
  "Access Home-0" : {
    "transaction" : "Access Home-0",
    "sampleCount" : 300,
    "errorCount" : 0,
    "errorPct" : 0.0,
    "meanResTime" : 1388.3799999999997,
    "medianResTime" : 849.5,
    "minResTime" : 34.0,
    "maxResTime" : 11732.0,
    "pct1ResTime" : 2373.7000000000003,
    "pct2ResTime" : 6498.849999999999,
    "pct3ResTime" : 8111.930000000004,
    "throughput" : 14.3000143000143,
    "receivedKBytesPerSec" : 1.6338883526383527,
    "sentKBytesPerSec" : 1.8712909337909338
  },
  "Access Home-1" : {
    "transaction" : "Access Home-1",
    "sampleCount" : 300,
    "errorCount" : 0,
    "errorPct" : 0.0,
    "meanResTime" : 1051.5866666666666,
    "medianResTime" : 506.5,
    "minResTime" : 37.0,
    "maxResTime" : 9787.0,
    "pct1ResTime" : 2215.8,
    "pct2ResTime" : 3489.4499999999985,
    "pct3ResTime" : 7169.9000000000015,
    "throughput" : 14.682850430696947,
    "receivedKBytesPerSec" : 14.093098830878036,
    "sentKBytesPerSec" : 1.734985255971026
  },
  "Login" : {
    "transaction" : "Login",
    "sampleCount" : 300,
    "errorCount" : 23,
    "errorPct" : 7.6666665,
    "meanResTime" : 17094.933333333327,
    "medianResTime" : 16594.5,
    "minResTime" : 13675.0,
    "maxResTime" : 36352.0,
    "pct1ResTime" : 19621.100000000002,
    "pct2ResTime" : 21062.85,
    "pct3ResTime" : 29698.69,
    "throughput" : 8.250144377526606,
    "receivedKBytesPerSec" : 87.39177593811017,
    "sentKBytesPerSec" : 4.04450437257652
  },
  "Login-0" : {
    "transaction" : "Login-0",
    "sampleCount" : 300,
    "errorCount" : 0,
    "errorPct" : 0.0,
    "meanResTime" : 1518.5266666666664,
    "medianResTime" : 1433.0,
    "minResTime" : 338.0,
    "maxResTime" : 3368.0,
    "pct1ResTime" : 2613.3,
    "pct2ResTime" : 3202.3499999999935,
    "pct3ResTime" : 3357.86,
    "throughput" : 62.94586655476291,
    "receivedKBytesPerSec" : 7.192057018464121,
    "sentKBytesPerSec" : 15.982348929920269
  },
  "Logout-2" : {
    "transaction" : "Logout-2",
    "sampleCount" : 300,
    "errorCount" : 19,
    "errorPct" : 6.3333335,
    "meanResTime" : 2212.6466666666674,
    "medianResTime" : 1181.0,
    "minResTime" : 52.0,
    "maxResTime" : 16770.0,
    "pct1ResTime" : 5188.5,
    "pct2ResTime" : 6987.099999999998,
    "pct3ResTime" : 15886.120000000006,
    "throughput" : 6.489573418707278,
    "receivedKBytesPerSec" : 62.64314241368867,
    "sentKBytesPerSec" : 0.7668343590464654
  },
  "Login-1" : {
    "transaction" : "Login-1",
    "sampleCount" : 300,
    "errorCount" : 0,
    "errorPct" : 0.0,
    "meanResTime" : 994.6766666666665,
    "medianResTime" : 784.5,
    "minResTime" : 180.0,
    "maxResTime" : 3372.0,
    "pct1ResTime" : 1947.1000000000026,
    "pct2ResTime" : 3138.7,
    "pct3ResTime" : 3367.91,
    "throughput" : 68.21282401091405,
    "receivedKBytesPerSec" : 65.09972572760346,
    "sentKBytesPerSec" : 8.06030439972715
  },
  "Logout-1" : {
    "transaction" : "Logout-1",
    "sampleCount" : 300,
    "errorCount" : 0,
    "errorPct" : 0.0,
    "meanResTime" : 731.8600000000007,
    "medianResTime" : 435.0,
    "minResTime" : 37.0,
    "maxResTime" : 5736.0,
    "pct1ResTime" : 1536.6000000000004,
    "pct2ResTime" : 2473.75,
    "pct3ResTime" : 4471.88,
    "throughput" : 10.102710894089913,
    "receivedKBytesPerSec" : 9.695708452601448,
    "sentKBytesPerSec" : 1.1937773615086715
  },
  "Login-2" : {
    "transaction" : "Login-2",
    "sampleCount" : 300,
    "errorCount" : 23,
    "errorPct" : 7.6666665,
    "meanResTime" : 14437.186666666663,
    "medianResTime" : 13929.5,
    "minResTime" : 10445.0,
    "maxResTime" : 32491.0,
    "pct1ResTime" : 17311.100000000006,
    "pct2ResTime" : 18715.399999999998,
    "pct3ResTime" : 27547.560000000012,
    "throughput" : 8.607580409146989,
    "receivedKBytesPerSec" : 81.97977823824348,
    "sentKBytesPerSec" : 1.0171066694402202
  },
  "Access Home" : {
    "transaction" : "Access Home",
    "sampleCount" : 300,
    "errorCount" : 22,
    "errorPct" : 7.3333335,
    "meanResTime" : 4336.936666666666,
    "medianResTime" : 2907.0,
    "minResTime" : 882.0,
    "maxResTime" : 20638.0,
    "pct1ResTime" : 9096.500000000007,
    "pct2ResTime" : 10631.849999999999,
    "pct3ResTime" : 17386.12000000001,
    "throughput" : 9.382623381497467,
    "receivedKBytesPerSec" : 99.76321703767123,
    "sentKBytesPerSec" : 3.445182022893601
  },
  "Logout-0" : {
    "transaction" : "Logout-0",
    "sampleCount" : 300,
    "errorCount" : 0,
    "errorPct" : 0.0,
    "meanResTime" : 1074.9233333333339,
    "medianResTime" : 467.5,
    "minResTime" : 19.0,
    "maxResTime" : 8761.0,
    "pct1ResTime" : 2263.600000000004,
    "pct2ResTime" : 4875.599999999996,
    "pct3ResTime" : 8308.29,
    "throughput" : 9.94563055297706,
    "receivedKBytesPerSec" : 1.136365990916324,
    "sentKBytesPerSec" : 2.1756066834637315
  },
  "Total" : {
    "transaction" : "Total",
    "sampleCount" : 3600,
    "errorCount" : 128,
    "errorPct" : 3.5555556,
    "meanResTime" : 4229.818611111119,
    "medianResTime" : 1335.5,
    "minResTime" : 19.0,
    "maxResTime" : 36352.0,
    "pct1ResTime" : 15100.0,
    "pct2ResTime" : 16753.699999999997,
    "pct3ResTime" : 20207.929999999957,
    "throughput" : 56.01630696936219,
    "receivedKBytesPerSec" : 298.3090806712621,
    "sentKBytesPerSec" : 12.25356714954798
  },
  "Logout" : {
    "transaction" : "Logout",
    "sampleCount" : 300,
    "errorCount" : 19,
    "errorPct" : 6.3333335,
    "meanResTime" : 4020.433333333333,
    "medianResTime" : 3074.5,
    "minResTime" : 114.0,
    "maxResTime" : 17610.0,
    "pct1ResTime" : 7911.3,
    "pct2ResTime" : 9120.15,
    "pct3ResTime" : 16403.820000000003,
    "throughput" : 6.384880602732729,
    "receivedKBytesPerSec" : 68.48973297897247,
    "sentKBytesPerSec" : 2.90561949304048
  },
  "Access Home-2" : {
    "transaction" : "Access Home-2",
    "sampleCount" : 300,
    "errorCount" : 22,
    "errorPct" : 7.3333335,
    "meanResTime" : 1895.733333333332,
    "medianResTime" : 807.5,
    "minResTime" : 130.0,
    "maxResTime" : 20003.0,
    "pct1ResTime" : 5188.7,
    "pct2ResTime" : 6475.0499999999965,
    "pct3ResTime" : 14972.080000000002,
    "throughput" : 9.879470460383324,
    "receivedKBytesPerSec" : 94.43461642955938,
    "sentKBytesPerSec" : 1.1673983649476387
  }
}