{
  "Access Home-0" : {
    "transaction" : "Access Home-0",
    "sampleCount" : 300,
    "errorCount" : 0,
    "errorPct" : 0.0,
    "meanResTime" : 766.9133333333335,
    "medianResTime" : 667.5,
    "minResTime" : 23.0,
    "maxResTime" : 4700.0,
    "pct1ResTime" : 1355.0,
    "pct2ResTime" : 1572.0499999999997,
    "pct3ResTime" : 3289.400000000006,
    "throughput" : 10.680337498664958,
    "receivedKBytesPerSec" : 1.2203119993591798,
    "sentKBytesPerSec" : 1.3976222898643598
  },
  "Access Home-1" : {
    "transaction" : "Access Home-1",
    "sampleCount" : 300,
    "errorCount" : 0,
    "errorPct" : 0.0,
    "meanResTime" : 1003.7566666666672,
    "medianResTime" : 543.0,
    "minResTime" : 37.0,
    "maxResTime" : 8746.0,
    "pct1ResTime" : 2864.6000000000035,
    "pct2ResTime" : 3463.6499999999983,
    "pct3ResTime" : 8190.9400000000005,
    "throughput" : 10.99545521184577,
    "receivedKBytesPerSec" : 10.542966459280164,
    "sentKBytesPerSec" : 1.2992676568684944
  },
  "Login" : {
    "transaction" : "Login",
    "sampleCount" : 300,
    "errorCount" : 35,
    "errorPct" : 11.666667,
    "meanResTime" : 19538.96666666667,
    "medianResTime" : 18446.0,
    "minResTime" : 15255.0,
    "maxResTime" : 44143.0,
    "pct1ResTime" : 23564.00000000002,
    "pct2ResTime" : 26001.75,
    "pct3ResTime" : 33295.36,
    "throughput" : 6.522448092183933,
    "receivedKBytesPerSec" : 67.33710016034352,
    "sentKBytesPerSec" : 3.156423252527449
  },
  "Login-0" : {
    "transaction" : "Login-0",
    "sampleCount" : 300,
    "errorCount" : 0,
    "errorPct" : 0.0,
    "meanResTime" : 1143.7500000000005,
    "medianResTime" : 1159.5,
    "minResTime" : 518.0,
    "maxResTime" : 3560.0,
    "pct1ResTime" : 1601.0,
    "pct2ResTime" : 1628.9,
    "pct3ResTime" : 2520.750000000001,
    "throughput" : 69.91377301328362,
    "receivedKBytesPerSec" : 7.988194768119318,
    "sentKBytesPerSec" : 17.751543929154042
  },
  "Logout-2" : {
    "transaction" : "Logout-2",
    "sampleCount" : 300,
    "errorCount" : 24,
    "errorPct" : 8.0,
    "meanResTime" : 1763.4933333333333,
    "medianResTime" : 789.0,
    "minResTime" : 67.0,
    "maxResTime" : 18263.0,
    "pct1ResTime" : 4986.900000000002,
    "pct2ResTime" : 5295.95,
    "pct3ResTime" : 15753.490000000009,
    "throughput" : 10.015022533800702,
    "receivedKBytesPerSec" : 95.11422081038225,
    "sentKBytesPerSec" : 1.1834157486229344
  },
  "Login-1" : {
    "transaction" : "Login-1",
    "sampleCount" : 300,
    "errorCount" : 0,
    "errorPct" : 0.0,
    "meanResTime" : 1738.2466666666674,
    "medianResTime" : 1526.5,
    "minResTime" : 395.0,
    "maxResTime" : 2882.0,
    "pct1ResTime" : 2717.0,
    "pct2ResTime" : 2787.0,
    "pct3ResTime" : 2879.98,
    "throughput" : 87.15862870424172,
    "receivedKBytesPerSec" : 83.16385822196398,
    "sentKBytesPerSec" : 10.299017649622312
  },
  "Logout-1" : {
    "transaction" : "Logout-1",
    "sampleCount" : 300,
    "errorCount" : 0,
    "errorPct" : 0.0,
    "meanResTime" : 701.6800000000006,
    "medianResTime" : 354.0,
    "minResTime" : 34.0,
    "maxResTime" : 5218.0,
    "pct1ResTime" : 1651.9000000000021,
    "pct2ResTime" : 3212.899999999999,
    "pct3ResTime" : 5001.8800000000065,
    "throughput" : 11.2145340361108,
    "receivedKBytesPerSec" : 10.765113044839445,
    "sentKBytesPerSec" : 1.3251549007513737
  },
  "Login-2" : {
    "transaction" : "Login-2",
    "sampleCount" : 300,
    "errorCount" : 35,
    "errorPct" : 11.666667,
    "meanResTime" : 16578.896666666667,
    "medianResTime" : 15546.0,
    "minResTime" : 12799.0,
    "maxResTime" : 42709.0,
    "pct1ResTime" : 20312.300000000003,
    "pct2ResTime" : 23103.299999999996,
    "pct3ResTime" : 30164.83,
    "throughput" : 6.928406466512702,
    "receivedKBytesPerSec" : 64.12569464491918,
    "sentKBytesPerSec" : 0.7750252598152425
  },
  "Access Home" : {
    "transaction" : "Access Home",
    "sampleCount" : 300,
    "errorCount" : 23,
    "errorPct" : 7.6666665,
    "meanResTime" : 4363.65,
    "medianResTime" : 2956.0,
    "minResTime" : 311.0,
    "maxResTime" : 24250.0,
    "pct1ResTime" : 7978.400000000001,
    "pct2ResTime" : 10778.599999999995,
    "pct3ResTime" : 17903.98,
    "throughput" : 10.41630498941009,
    "receivedKBytesPerSec" : 110.4165287772126,
    "sentKBytesPerSec" : 3.8247369882990174
  },
  "Logout-0" : {
    "transaction" : "Logout-0",
    "sampleCount" : 300,
    "errorCount" : 0,
    "errorPct" : 0.0,
    "meanResTime" : 535.5400000000001,
    "medianResTime" : 445.5,
    "minResTime" : 17.0,
    "maxResTime" : 3171.0,
    "pct1ResTime" : 998.8000000000008,
    "pct2ResTime" : 1202.4499999999998,
    "pct3ResTime" : 2117.4600000000005,
    "throughput" : 11.039558417663294,
    "receivedKBytesPerSec" : 1.2613557957681691,
    "sentKBytesPerSec" : 2.4149034038638453
  },
  "Total" : {
    "transaction" : "Total",
    "sampleCount" : 3600,
    "errorCount" : 164,
    "errorPct" : 4.5555553,
    "meanResTime" : 4477.073055555562,
    "medianResTime" : 1325.5,
    "minResTime" : 17.0,
    "maxResTime" : 44143.0,
    "pct1ResTime" : 16826.7,
    "pct2ResTime" : 18780.799999999996,
    "pct3ResTime" : 24249.53999999999,
    "throughput" : 70.4184026758993,
    "receivedKBytesPerSec" : 369.6448852522348,
    "sentKBytesPerSec" : 15.330061811709017
  },
  "Logout" : {
    "transaction" : "Logout",
    "sampleCount" : 300,
    "errorCount" : 24,
    "errorPct" : 8.0,
    "meanResTime" : 3000.843333333334,
    "medianResTime" : 2136.5,
    "minResTime" : 147.0,
    "maxResTime" : 19014.0,
    "pct1ResTime" : 5876.300000000001,
    "pct2ResTime" : 6368.449999999999,
    "pct3ResTime" : 17139.990000000013,
    "throughput" : 9.732675837010122,
    "receivedKBytesPerSec" : 102.88740485295548,
    "sentKBytesPerSec" : 4.429127871139372
  },
  "Access Home-2" : {
    "transaction" : "Access Home-2",
    "sampleCount" : 300,
    "errorCount" : 23,
    "errorPct" : 7.6666665,
    "meanResTime" : 2589.140000000001,
    "medianResTime" : 1047.5,
    "minResTime" : 87.0,
    "maxResTime" : 17121.0,
    "pct1ResTime" : 5675.9000000000015,
    "pct2ResTime" : 7427.449999999999,
    "pct3ResTime" : 16367.390000000001,
    "throughput" : 10.931351114997813,
    "receivedKBytesPerSec" : 104.14570779359788,
    "sentKBytesPerSec" : 1.2916928563620464
  }
}