{
  "Access Home-0" : {
    "transaction" : "Access Home-0",
    "sampleCount" : 300,
    "errorCount" : 0,
    "errorPct" : 0.0,
    "meanResTime" : 1214.4099999999994,
    "medianResTime" : 1003.5,
    "minResTime" : 18.0,
    "maxResTime" : 8806.0,
    "pct1ResTime" : 2132.6000000000004,
    "pct2ResTime" : 2263.45,
    "pct3ResTime" : 7936.230000000001,
    "throughput" : 9.592326139088728,
    "receivedKBytesPerSec" : 1.095998201438849,
    "sentKBytesPerSec" : 1.2552458033573142
  },
  "Access Home-1" : {
    "transaction" : "Access Home-1",
    "sampleCount" : 300,
    "errorCount" : 0,
    "errorPct" : 0.0,
    "meanResTime" : 1055.1300000000008,
    "medianResTime" : 639.5,
    "minResTime" : 37.0,
    "maxResTime" : 14246.0,
    "pct1ResTime" : 2330.3,
    "pct2ResTime" : 2771.2,
    "pct3ResTime" : 3947.7000000000003,
    "throughput" : 9.94266397109999,
    "receivedKBytesPerSec" : 9.53712497514334,
    "sentKBytesPerSec" : 1.1748655668975574
  },
  "Login" : {
    "transaction" : "Login",
    "sampleCount" : 300,
    "errorCount" : 31,
    "errorPct" : 10.333333,
    "meanResTime" : 16027.803333333326,
    "medianResTime" : 14794.0,
    "minResTime" : 12317.0,
    "maxResTime" : 45084.0,
    "pct1ResTime" : 19329.600000000002,
    "pct2ResTime" : 22504.749999999993,
    "pct3ResTime" : 34084.99000000001,
    "throughput" : 6.643929662931302,
    "receivedKBytesPerSec" : 68.72357999844975,
    "sentKBytesPerSec" : 3.257082705851087
  },
  "Login-0" : {
    "transaction" : "Login-0",
    "sampleCount" : 300,
    "errorCount" : 0,
    "errorPct" : 0.0,
    "meanResTime" : 1033.9433333333338,
    "medianResTime" : 938.0,
    "minResTime" : 491.0,
    "maxResTime" : 3334.0,
    "pct1ResTime" : 1412.8000000000002,
    "pct2ResTime" : 1864.6499999999994,
    "pct3ResTime" : 2420.95,
    "throughput" : 75.642965204236,
    "receivedKBytesPerSec" : 8.642799735249621,
    "sentKBytesPerSec" : 19.20622163388805
  },
  "Logout-2" : {
    "transaction" : "Logout-2",
    "sampleCount" : 299,
    "errorCount" : 24,
    "errorPct" : 8.026756,
    "meanResTime" : 2223.1003344481605,
    "medianResTime" : 848.0,
    "minResTime" : 131.0,
    "maxResTime" : 34695.0,
    "pct1ResTime" : 5114.0,
    "pct2ResTime" : 6878.0,
    "pct3ResTime" : 19936.0,
    "throughput" : 6.916813176644768,
    "receivedKBytesPerSec" : 65.67075575292634,
    "sentKBytesPerSec" : 0.8173187445058758
  },
  "Login-1" : {
    "transaction" : "Login-1",
    "sampleCount" : 300,
    "errorCount" : 0,
    "errorPct" : 0.0,
    "meanResTime" : 1084.1733333333334,
    "medianResTime" : 765.0,
    "minResTime" : 186.0,
    "maxResTime" : 2265.0,
    "pct1ResTime" : 1955.9,
    "pct2ResTime" : 2213.95,
    "pct3ResTime" : 2257.8500000000004,
    "throughput" : 88.96797153024912,
    "receivedKBytesPerSec" : 84.9296596975089,
    "sentKBytesPerSec" : 10.512816948398576
  },
  "Logout-1" : {
    "transaction" : "Logout-1",
    "sampleCount" : 299,
    "errorCount" : 0,
    "errorPct" : 0.0,
    "meanResTime" : 697.8093645484943,
    "medianResTime" : 489.0,
    "minResTime" : 36.0,
    "maxResTime" : 4513.0,
    "pct1ResTime" : 1406.0,
    "pct2ResTime" : 1897.0,
    "pct3ResTime" : 4297.0,
    "throughput" : 8.916855540975785,
    "receivedKBytesPerSec" : 8.559541771665872,
    "sentKBytesPerSec" : 1.053651875447334
  },
  "Login-2" : {
    "transaction" : "Login-2",
    "sampleCount" : 300,
    "errorCount" : 31,
    "errorPct" : 10.333333,
    "meanResTime" : 13895.846666666665,
    "medianResTime" : 12666.5,
    "minResTime" : 9927.0,
    "maxResTime" : 42074.0,
    "pct1ResTime" : 17444.600000000002,
    "pct2ResTime" : 20034.3,
    "pct3ResTime" : 32299.280000000013,
    "throughput" : 6.917223887479825,
    "receivedKBytesPerSec" : 64.1568912842979,
    "sentKBytesPerSec" : 0.817367275766659
  },
  "Access Home" : {
    "transaction" : "Access Home",
    "sampleCount" : 300,
    "errorCount" : 27,
    "errorPct" : 9.0,
    "meanResTime" : 5375.03,
    "medianResTime" : 4764.0,
    "minResTime" : 1005.0,
    "maxResTime" : 92471.0,
    "pct1ResTime" : 7984.500000000001,
    "pct2ResTime" : 10523.3,
    "pct3ResTime" : 19662.830000000013,
    "throughput" : 3.181336161187699,
    "receivedKBytesPerSec" : 33.32676423316543,
    "sentKBytesPerSec" : 1.168146871686108
  },
  "Logout-0" : {
    "transaction" : "Logout-0",
    "sampleCount" : 299,
    "errorCount" : 0,
    "errorPct" : 0.0,
    "meanResTime" : 1020.6220735785954,
    "medianResTime" : 617.0,
    "minResTime" : 18.0,
    "maxResTime" : 15273.0,
    "pct1ResTime" : 2095.0,
    "pct2ResTime" : 2461.0,
    "pct3ResTime" : 4582.0,
    "throughput" : 8.767300023457658,
    "receivedKBytesPerSec" : 1.0017325222114708,
    "sentKBytesPerSec" : 1.9178468801313628
  },
  "Total" : {
    "transaction" : "Total",
    "sampleCount" : 3597,
    "errorCount" : 165,
    "errorPct" : 4.587156,
    "meanResTime" : 4224.217959410614,
    "medianResTime" : 1421.0,
    "minResTime" : 3.0,
    "maxResTime" : 92471.0,
    "pct1ResTime" : 13907.600000000002,
    "pct2ResTime" : 15853.299999999996,
    "pct3ResTime" : 21678.519999999997,
    "throughput" : 33.243992606284664,
    "receivedKBytesPerSec" : 173.8832800225277,
    "sentKBytesPerSec" : 7.269776744454713
  },
  "Logout" : {
    "transaction" : "Logout",
    "sampleCount" : 300,
    "errorCount" : 25,
    "errorPct" : 8.333333,
    "meanResTime" : 3928.529999999999,
    "medianResTime" : 2910.0,
    "minResTime" : 3.0,
    "maxResTime" : 35015.0,
    "pct1ResTime" : 6267.900000000001,
    "pct2ResTime" : 8119.649999999997,
    "pct3ResTime" : 21839.32000000001,
    "throughput" : 3.259629488781442,
    "receivedKBytesPerSec" : 34.36146065355572,
    "sentKBytesPerSec" : 1.4784414556962027
  },
  "Access Home-2" : {
    "transaction" : "Access Home-2",
    "sampleCount" : 300,
    "errorCount" : 27,
    "errorPct" : 9.0,
    "meanResTime" : 3105.113333333335,
    "medianResTime" : 1697.5,
    "minResTime" : 196.0,
    "maxResTime" : 90184.0,
    "pct1ResTime" : 5840.100000000001,
    "pct2ResTime" : 7518.349999999998,
    "pct3ResTime" : 15970.290000000003,
    "throughput" : 3.2499891667027776,
    "receivedKBytesPerSec" : 30.55718736796919,
    "sentKBytesPerSec" : 0.3840319230185899
  }
}