{
  "Access Home-0" : {
    "transaction" : "Access Home-0",
    "sampleCount" : 299,
    "errorCount" : 0,
    "errorPct" : 0.0,
    "meanResTime" : 867.6521739130434,
    "medianResTime" : 572.0,
    "minResTime" : 27.0,
    "maxResTime" : 8049.0,
    "pct1ResTime" : 1572.0,
    "pct2ResTime" : 1805.0,
    "pct3ResTime" : 7536.0,
    "throughput" : 10.662577562228087,
    "receivedKBytesPerSec" : 1.2182827878717637,
    "sentKBytesPerSec" : 1.395298235682191
  },
  "Access Home-1" : {
    "transaction" : "Access Home-1",
    "sampleCount" : 299,
    "errorCount" : 0,
    "errorPct" : 0.0,
    "meanResTime" : 1347.8762541806022,
    "medianResTime" : 592.0,
    "minResTime" : 37.0,
    "maxResTime" : 15532.0,
    "pct1ResTime" : 3009.0,
    "pct2ResTime" : 3842.0,
    "pct3ResTime" : 10192.0,
    "throughput" : 11.192633076289587,
    "receivedKBytesPerSec" : 10.73988445899154,
    "sentKBytesPerSec" : 1.32256699436625
  },
  "Login" : {
    "transaction" : "Login",
    "sampleCount" : 300,
    "errorCount" : 29,
    "errorPct" : 9.666667,
    "meanResTime" : 19390.67666666665,
    "medianResTime" : 18026.0,
    "minResTime" : 15799.0,
    "maxResTime" : 104509.0,
    "pct1ResTime" : 21900.80000000001,
    "pct2ResTime" : 29668.699999999997,
    "pct3ResTime" : 32977.69,
    "throughput" : 2.818542249948327,
    "receivedKBytesPerSec" : 29.673056805957458,
    "sentKBytesPerSec" : 1.3617632741596046
  },
  "Login-0" : {
    "transaction" : "Login-0",
    "sampleCount" : 300,
    "errorCount" : 0,
    "errorPct" : 0.0,
    "meanResTime" : 907.6199999999994,
    "medianResTime" : 813.0,
    "minResTime" : 305.0,
    "maxResTime" : 2180.0,
    "pct1ResTime" : 1364.7,
    "pct2ResTime" : 1661.95,
    "pct3ResTime" : 2143.8900000000003,
    "throughput" : 74.09236848604593,
    "receivedKBytesPerSec" : 8.465631946159546,
    "sentKBytesPerSec" : 18.8125154359101
  },
  "Logout-2" : {
    "transaction" : "Logout-2",
    "sampleCount" : 299,
    "errorCount" : 18,
    "errorPct" : 6.0200667,
    "meanResTime" : 2202.2140468227426,
    "medianResTime" : 913.0,
    "minResTime" : 147.0,
    "maxResTime" : 20026.0,
    "pct1ResTime" : 5437.0,
    "pct2ResTime" : 9262.0,
    "pct3ResTime" : 15420.0,
    "throughput" : 11.078998073217727,
    "receivedKBytesPerSec" : 107.26226268387802,
    "sentKBytesPerSec" : 1.309139420761079
  },
  "Login-1" : {
    "transaction" : "Login-1",
    "sampleCount" : 300,
    "errorCount" : 0,
    "errorPct" : 0.0,
    "meanResTime" : 1101.6500000000005,
    "medianResTime" : 846.0,
    "minResTime" : 258.0,
    "maxResTime" : 3349.0,
    "pct1ResTime" : 1705.9,
    "pct2ResTime" : 2422.95,
    "pct3ResTime" : 3336.98,
    "throughput" : 71.20816520294328,
    "receivedKBytesPerSec" : 67.95882907073344,
    "sentKBytesPerSec" : 8.414246083550914
  },
  "Logout-1" : {
    "transaction" : "Logout-1",
    "sampleCount" : 299,
    "errorCount" : 0,
    "errorPct" : 0.0,
    "meanResTime" : 798.752508361204,
    "medianResTime" : 434.0,
    "minResTime" : 35.0,
    "maxResTime" : 6887.0,
    "pct1ResTime" : 1686.0,
    "pct2ResTime" : 3686.0,
    "pct3ResTime" : 5606.0,
    "throughput" : 11.272809530990802,
    "receivedKBytesPerSec" : 10.825212248812395,
    "sentKBytesPerSec" : 1.3320409699705926
  },
  "Login-2" : {
    "transaction" : "Login-2",
    "sampleCount" : 300,
    "errorCount" : 29,
    "errorPct" : 9.666667,
    "meanResTime" : 17327.103333333333,
    "medianResTime" : 16083.5,
    "minResTime" : 11248.0,
    "maxResTime" : 103044.0,
    "pct1ResTime" : 19900.80000000001,
    "pct2ResTime" : 27783.949999999993,
    "pct3ResTime" : 30963.270000000004,
    "throughput" : 2.8578505153657097,
    "receivedKBytesPerSec" : 27.032912241959913,
    "sentKBytesPerSec" : 0.31743351329853103
  },
  "Access Home" : {
    "transaction" : "Access Home",
    "sampleCount" : 300,
    "errorCount" : 19,
    "errorPct" : 6.3333335,
    "meanResTime" : 4492.856666666667,
    "medianResTime" : 3340.0,
    "minResTime" : 1.0,
    "maxResTime" : 23206.0,
    "pct1ResTime" : 9072.600000000002,
    "pct2ResTime" : 10883.999999999993,
    "pct3ResTime" : 17482.81000000001,
    "throughput" : 3.383827560147535,
    "receivedKBytesPerSec" : 36.29916199157991,
    "sentKBytesPerSec" : 1.2383575183008675
  },
  "Logout-0" : {
    "transaction" : "Logout-0",
    "sampleCount" : 299,
    "errorCount" : 0,
    "errorPct" : 0.0,
    "meanResTime" : 740.4214046822742,
    "medianResTime" : 490.0,
    "minResTime" : 32.0,
    "maxResTime" : 5983.0,
    "pct1ResTime" : 1461.0,
    "pct2ResTime" : 2438.0,
    "pct3ResTime" : 5947.0,
    "throughput" : 11.124339608601831,
    "receivedKBytesPerSec" : 1.2710427091859513,
    "sentKBytesPerSec" : 2.4334492893816506
  },
  "Total" : {
    "transaction" : "Total",
    "sampleCount" : 3594,
    "errorCount" : 132,
    "errorPct" : 3.672788,
    "meanResTime" : 4605.341124095721,
    "medianResTime" : 1215.5,
    "minResTime" : 1.0,
    "maxResTime" : 104509.0,
    "pct1ResTime" : 16767.0,
    "pct2ResTime" : 18316.5,
    "pct3ResTime" : 27124.65000000005,
    "throughput" : 33.76455004086694,
    "receivedKBytesPerSec" : 180.23647522911324,
    "sentKBytesPerSec" : 7.342911816653045
  },
  "Logout" : {
    "transaction" : "Logout",
    "sampleCount" : 300,
    "errorCount" : 19,
    "errorPct" : 6.3333335,
    "meanResTime" : 3731.436666666668,
    "medianResTime" : 2457.0,
    "minResTime" : 1.0,
    "maxResTime" : 20802.0,
    "pct1ResTime" : 7349.400000000003,
    "pct2ResTime" : 10459.549999999992,
    "pct3ResTime" : 19662.290000000015,
    "throughput" : 3.4694113565398403,
    "receivedKBytesPerSec" : 37.21816679556493,
    "sentKBytesPerSec" : 1.5735903709378976
  },
  "Access Home-2" : {
    "transaction" : "Access Home-2",
    "sampleCount" : 299,
    "errorCount" : 18,
    "errorPct" : 6.0200667,
    "meanResTime" : 2291.220735785953,
    "medianResTime" : 1243.0,
    "minResTime" : 200.0,
    "maxResTime" : 22184.0,
    "pct1ResTime" : 5628.0,
    "pct2ResTime" : 7940.0,
    "pct3ResTime" : 15816.0,
    "throughput" : 10.982552800734618,
    "receivedKBytesPerSec" : 106.32310319100091,
    "sentKBytesPerSec" : 1.2977430555555556
  }
}