{
  "Access Home-0" : {
    "transaction" : "Access Home-0",
    "sampleCount" : 299,
    "errorCount" : 0,
    "errorPct" : 0.0,
    "meanResTime" : 1281.327759197325,
    "medianResTime" : 1046.0,
    "minResTime" : 31.0,
    "maxResTime" : 8384.0,
    "pct1ResTime" : 1507.0,
    "pct2ResTime" : 3258.0,
    "pct3ResTime" : 8358.0,
    "throughput" : 18.776689274051744,
    "receivedKBytesPerSec" : 2.1453834424453655,
    "sentKBytesPerSec" : 2.457105822971615
  },
  "Access Home-1" : {
    "transaction" : "Access Home-1",
    "sampleCount" : 299,
    "errorCount" : 0,
    "errorPct" : 0.0,
    "meanResTime" : 1434.7826086956532,
    "medianResTime" : 1760.0,
    "minResTime" : 39.0,
    "maxResTime" : 4572.0,
    "pct1ResTime" : 2317.0,
    "pct2ResTime" : 2496.0,
    "pct3ResTime" : 4544.0,
    "throughput" : 20.04155774515718,
    "receivedKBytesPerSec" : 19.229097543401032,
    "sentKBytesPerSec" : 2.368191881996112
  },
  "Login" : {
    "transaction" : "Login",
    "sampleCount" : 300,
    "errorCount" : 25,
    "errorPct" : 8.333333,
    "meanResTime" : 14472.510000000002,
    "medianResTime" : 12802.5,
    "minResTime" : 9598.0,
    "maxResTime" : 106924.0,
    "pct1ResTime" : 19833.600000000002,
    "pct2ResTime" : 22568.6,
    "pct3ResTime" : 28988.150000000005,
    "throughput" : 2.80326674017455,
    "receivedKBytesPerSec" : 29.51931129576333,
    "sentKBytesPerSec" : 1.374257718327758
  },
  "Login-0" : {
    "transaction" : "Login-0",
    "sampleCount" : 300,
    "errorCount" : 0,
    "errorPct" : 0.0,
    "meanResTime" : 844.2366666666674,
    "medianResTime" : 710.5,
    "minResTime" : 228.0,
    "maxResTime" : 2579.0,
    "pct1ResTime" : 1544.7,
    "pct2ResTime" : 1773.0499999999997,
    "pct3ResTime" : 2134.8500000000004,
    "throughput" : 79.63897000265463,
    "receivedKBytesPerSec" : 9.099374502256438,
    "sentKBytesPerSec" : 20.220832227236528
  },
  "Logout-2" : {
    "transaction" : "Logout-2",
    "sampleCount" : 299,
    "errorCount" : 31,
    "errorPct" : 10.367893,
    "meanResTime" : 2633.4715719063543,
    "medianResTime" : 810.0,
    "minResTime" : 72.0,
    "maxResTime" : 90304.0,
    "pct1ResTime" : 5197.0,
    "pct2ResTime" : 14447.0,
    "pct3ResTime" : 16137.0,
    "throughput" : 3.17895721697712,
    "receivedKBytesPerSec" : 29.487949250313644,
    "sentKBytesPerSec" : 0.3756384992717105
  },
  "Login-1" : {
    "transaction" : "Login-1",
    "sampleCount" : 300,
    "errorCount" : 0,
    "errorPct" : 0.0,
    "meanResTime" : 751.2766666666669,
    "medianResTime" : 700.0,
    "minResTime" : 238.0,
    "maxResTime" : 1550.0,
    "pct1ResTime" : 1201.7,
    "pct2ResTime" : 1425.2499999999986,
    "pct3ResTime" : 1531.91,
    "throughput" : 82.7357970215113,
    "receivedKBytesPerSec" : 78.94427830253723,
    "sentKBytesPerSec" : 9.776397890237176
  },
  "Logout-1" : {
    "transaction" : "Logout-1",
    "sampleCount" : 299,
    "errorCount" : 0,
    "errorPct" : 0.0,
    "meanResTime" : 677.4816053511704,
    "medianResTime" : 374.0,
    "minResTime" : 38.0,
    "maxResTime" : 5708.0,
    "pct1ResTime" : 2145.0,
    "pct2ResTime" : 2376.0,
    "pct3ResTime" : 4331.0,
    "throughput" : 12.25560519736033,
    "receivedKBytesPerSec" : 11.770105891605526,
    "sentKBytesPerSec" : 1.4481720985162112
  },
  "Login-2" : {
    "transaction" : "Login-2",
    "sampleCount" : 300,
    "errorCount" : 25,
    "errorPct" : 8.333333,
    "meanResTime" : 12799.73333333333,
    "medianResTime" : 11099.0,
    "minResTime" : 7608.0,
    "maxResTime" : 105639.0,
    "pct1ResTime" : 18261.4,
    "pct2ResTime" : 20803.25,
    "pct3ResTime" : 27550.730000000003,
    "throughput" : 2.834467120181406,
    "receivedKBytesPerSec" : 26.81942894345238,
    "sentKBytesPerSec" : 0.33493214994331066
  },
  "Access Home" : {
    "transaction" : "Access Home",
    "sampleCount" : 300,
    "errorCount" : 21,
    "errorPct" : 7.0,
    "meanResTime" : 5942.843333333333,
    "medianResTime" : 5538.0,
    "minResTime" : 1.0,
    "maxResTime" : 20283.0,
    "pct1ResTime" : 9249.300000000007,
    "pct2ResTime" : 14950.149999999989,
    "pct3ResTime" : 19418.86,
    "throughput" : 3.2142283173514756,
    "receivedKBytesPerSec" : 34.27806046432207,
    "sentKBytesPerSec" : 1.1762903787432368
  },
  "Logout-0" : {
    "transaction" : "Logout-0",
    "sampleCount" : 299,
    "errorCount" : 0,
    "errorPct" : 0.0,
    "meanResTime" : 677.816053511706,
    "medianResTime" : 492.0,
    "minResTime" : 18.0,
    "maxResTime" : 6334.0,
    "pct1ResTime" : 1264.0,
    "pct2ResTime" : 1827.0,
    "pct3ResTime" : 3481.0,
    "throughput" : 12.073490813648293,
    "receivedKBytesPerSec" : 1.379490649606299,
    "sentKBytesPerSec" : 2.641076115485564
  },
  "Total" : {
    "transaction" : "Total",
    "sampleCount" : 3594,
    "errorCount" : 154,
    "errorPct" : 4.2849193,
    "meanResTime" : 4065.4351697273264,
    "medianResTime" : 1259.0,
    "minResTime" : 1.0,
    "maxResTime" : 106924.0,
    "pct1ResTime" : 12133.5,
    "pct2ResTime" : 15374.0,
    "pct3ResTime" : 21767.10000000008,
    "throughput" : 32.257485459898035,
    "receivedKBytesPerSec" : 169.69075041679383,
    "sentKBytesPerSec" : 7.0533448405076475
  },
  "Logout" : {
    "transaction" : "Logout",
    "sampleCount" : 300,
    "errorCount" : 32,
    "errorPct" : 10.666667,
    "meanResTime" : 3975.5866666666657,
    "medianResTime" : 2554.5,
    "minResTime" : 1.0,
    "maxResTime" : 91590.0,
    "pct1ResTime" : 6575.800000000003,
    "pct2ResTime" : 14912.25,
    "pct3ResTime" : 18526.290000000008,
    "throughput" : 3.161089100564781,
    "receivedKBytesPerSec" : 32.63304851152217,
    "sentKBytesPerSec" : 1.4337473591734806
  },
  "Access Home-2" : {
    "transaction" : "Access Home-2",
    "sampleCount" : 299,
    "errorCount" : 20,
    "errorPct" : 6.6889634,
    "meanResTime" : 3246.016722408027,
    "medianResTime" : 2386.0,
    "minResTime" : 96.0,
    "maxResTime" : 16885.0,
    "pct1ResTime" : 6108.0,
    "pct2ResTime" : 14020.0,
    "pct3ResTime" : 15944.0,
    "throughput" : 11.46736212318785,
    "receivedKBytesPerSec" : 110.29534479989644,
    "sentKBytesPerSec" : 1.3550300946345017
  }
}