{
  "Total" : {
    "transaction" : "Total",
    "sampleCount" : 900,
    "errorCount" : 900,
    "errorPct" : 100.0,
    "meanResTime" : 257.1144444444445,
    "medianResTime" : 1.0,
    "minResTime" : 0.0,
    "maxResTime" : 1188.0,
    "pct1ResTime" : 648.0,
    "pct2ResTime" : 874.8999999999999,
    "pct3ResTime" : 1037.96,
    "throughput" : 307.1672354948806,
    "receivedKBytesPerSec" : 666.627893024744,
    "sentKBytesPerSec" : 0.0
  },
  "Logout" : {
    "transaction" : "Logout",
    "sampleCount" : 300,
    "errorCount" : 300,
    "errorPct" : 100.0,
    "meanResTime" : 24.41333333333334,
    "medianResTime" : 1.0,
    "minResTime" : 0.0,
    "maxResTime" : 704.0,
    "pct1ResTime" : 1.0,
    "pct2ResTime" : 247.94999999999976,
    "pct3ResTime" : 600.98,
    "throughput" : 125.26096033402922,
    "receivedKBytesPerSec" : 271.8064979123173,
    "sentKBytesPerSec" : 0.0
  },
  "Login" : {
    "transaction" : "Login",
    "sampleCount" : 300,
    "errorCount" : 300,
    "errorPct" : 100.0,
    "meanResTime" : 678.8833333333331,
    "medianResTime" : 627.5,
    "minResTime" : 462.0,
    "maxResTime" : 1188.0,
    "pct1ResTime" : 949.6000000000005,
    "pct2ResTime" : 1016.95,
    "pct3ResTime" : 1052.93,
    "throughput" : 246.91358024691357,
    "receivedKBytesPerSec" : 536.0218942901234,
    "sentKBytesPerSec" : 0.0
  },
  "Access Home" : {
    "transaction" : "Access Home",
    "sampleCount" : 300,
    "errorCount" : 300,
    "errorPct" : 100.0,
    "meanResTime" : 68.04666666666665,
    "medianResTime" : 1.0,
    "minResTime" : 0.0,
    "maxResTime" : 979.0,
    "pct1ResTime" : 333.7000000000001,
    "pct2ResTime" : 400.79999999999995,
    "pct3ResTime" : 819.7700000000002,
    "throughput" : 127.33446519524618,
    "receivedKBytesPerSec" : 276.30584146859087,
    "sentKBytesPerSec" : 0.0
  }
}