{
  "Access Home-0" : {
    "transaction" : "Access Home-0",
    "sampleCount" : 300,
    "errorCount" : 0,
    "errorPct" : 0.0,
    "meanResTime" : 961.4533333333329,
    "medianResTime" : 683.0,
    "minResTime" : 18.0,
    "maxResTime" : 15812.0,
    "pct1ResTime" : 1439.9000000000003,
    "pct2ResTime" : 2849.649999999999,
    "pct3ResTime" : 7336.010000000002,
    "throughput" : 16.951067917278788,
    "receivedKBytesPerSec" : 1.9367919397672053,
    "sentKBytesPerSec" : 2.218206153237654
  },
  "Access Home-1" : {
    "transaction" : "Access Home-1",
    "sampleCount" : 300,
    "errorCount" : 0,
    "errorPct" : 0.0,
    "meanResTime" : 790.5133333333338,
    "medianResTime" : 507.0,
    "minResTime" : 43.0,
    "maxResTime" : 7449.0,
    "pct1ResTime" : 1588.200000000001,
    "pct2ResTime" : 1697.0,
    "pct3ResTime" : 6660.300000000005,
    "throughput" : 18.48087229717243,
    "receivedKBytesPerSec" : 17.727620337429926,
    "sentKBytesPerSec" : 2.183774949177601
  },
  "Login" : {
    "transaction" : "Login",
    "sampleCount" : 300,
    "errorCount" : 10,
    "errorPct" : 3.3333333,
    "meanResTime" : 12422.633333333328,
    "medianResTime" : 11568.5,
    "minResTime" : 8995.0,
    "maxResTime" : 26858.0,
    "pct1ResTime" : 16095.400000000003,
    "pct2ResTime" : 19324.449999999986,
    "pct3ResTime" : 25475.710000000006,
    "throughput" : 10.983378487222671,
    "receivedKBytesPerSec" : 120.84494358433405,
    "sentKBytesPerSec" : 5.3801035526653
  },
  "Login-0" : {
    "transaction" : "Login-0",
    "sampleCount" : 300,
    "errorCount" : 0,
    "errorPct" : 0.0,
    "meanResTime" : 875.9200000000002,
    "medianResTime" : 742.0,
    "minResTime" : 204.0,
    "maxResTime" : 2197.0,
    "pct1ResTime" : 1797.6000000000029,
    "pct2ResTime" : 1888.95,
    "pct3ResTime" : 1934.95,
    "throughput" : 81.63265306122449,
    "receivedKBytesPerSec" : 9.327168367346939,
    "sentKBytesPerSec" : 20.727040816326532
  },
  "Logout-2" : {
    "transaction" : "Logout-2",
    "sampleCount" : 300,
    "errorCount" : 10,
    "errorPct" : 3.3333333,
    "meanResTime" : 1600.1899999999996,
    "medianResTime" : 630.0,
    "minResTime" : 53.0,
    "maxResTime" : 20645.0,
    "pct1ResTime" : 3734.6000000000004,
    "pct2ResTime" : 5205.2,
    "pct3ResTime" : 15660.390000000007,
    "throughput" : 8.503883440104314,
    "receivedKBytesPerSec" : 84.46739668667442,
    "sentKBytesPerSec" : 1.0048534143092012
  },
  "Login-1" : {
    "transaction" : "Login-1",
    "sampleCount" : 300,
    "errorCount" : 0,
    "errorPct" : 0.0,
    "meanResTime" : 687.3666666666668,
    "medianResTime" : 646.0,
    "minResTime" : 119.0,
    "maxResTime" : 2108.0,
    "pct1ResTime" : 1044.8000000000004,
    "pct2ResTime" : 1184.5999999999997,
    "pct3ResTime" : 1926.7200000000003,
    "throughput" : 78.92659826361484,
    "receivedKBytesPerSec" : 75.31067071165482,
    "sentKBytesPerSec" : 9.326287490134176
  },
  "Logout-1" : {
    "transaction" : "Logout-1",
    "sampleCount" : 300,
    "errorCount" : 0,
    "errorPct" : 0.0,
    "meanResTime" : 633.996666666667,
    "medianResTime" : 340.5,
    "minResTime" : 34.0,
    "maxResTime" : 6764.0,
    "pct1ResTime" : 1624.3000000000002,
    "pct2ResTime" : 2051.549999999999,
    "pct3ResTime" : 3384.9900000000016,
    "throughput" : 9.574569942233428,
    "receivedKBytesPerSec" : 9.193768849934575,
    "sentKBytesPerSec" : 1.1313700810646923
  },
  "Login-2" : {
    "transaction" : "Login-2",
    "sampleCount" : 300,
    "errorCount" : 10,
    "errorPct" : 3.3333333,
    "meanResTime" : 10734.916666666664,
    "medianResTime" : 9916.0,
    "minResTime" : 6716.0,
    "maxResTime" : 25105.0,
    "pct1ResTime" : 14676.900000000005,
    "pct2ResTime" : 18022.74999999998,
    "pct3ResTime" : 24033.960000000003,
    "throughput" : 11.383471199817864,
    "receivedKBytesPerSec" : 113.08437375493284,
    "sentKBytesPerSec" : 1.3406334783144873
  },
  "Access Home" : {
    "transaction" : "Access Home",
    "sampleCount" : 300,
    "errorCount" : 12,
    "errorPct" : 4.0,
    "meanResTime" : 3766.0300000000007,
    "medianResTime" : 2830.0,
    "minResTime" : 580.0,
    "maxResTime" : 32681.0,
    "pct1ResTime" : 7347.400000000005,
    "pct2ResTime" : 8989.6,
    "pct3ResTime" : 18394.760000000006,
    "throughput" : 8.714343809911114,
    "receivedKBytesPerSec" : 95.36079198861326,
    "sentKBytesPerSec" : 3.1997981177017367
  },
  "Logout-0" : {
    "transaction" : "Logout-0",
    "sampleCount" : 300,
    "errorCount" : 0,
    "errorPct" : 0.0,
    "meanResTime" : 736.7399999999993,
    "medianResTime" : 449.5,
    "minResTime" : 21.0,
    "maxResTime" : 9093.0,
    "pct1ResTime" : 1539.3000000000002,
    "pct2ResTime" : 2021.2999999999997,
    "pct3ResTime" : 5689.530000000007,
    "throughput" : 9.446438692612885,
    "receivedKBytesPerSec" : 1.0793294209333082,
    "sentKBytesPerSec" : 2.0664084640090685
  },
  "Total" : {
    "transaction" : "Total",
    "sampleCount" : 3600,
    "errorCount" : 64,
    "errorPct" : 1.7777778,
    "meanResTime" : 3182.8830555555596,
    "medianResTime" : 964.5,
    "minResTime" : 18.0,
    "maxResTime" : 32681.0,
    "pct1ResTime" : 10625.8,
    "pct2ResTime" : 12268.75,
    "pct3ResTime" : 18407.93,
    "throughput" : 72.32691766785872,
    "receivedKBytesPerSec" : 397.22891218306745,
    "sentKBytesPerSec" : 15.816765216277574
  },
  "Logout" : {
    "transaction" : "Logout",
    "sampleCount" : 300,
    "errorCount" : 10,
    "errorPct" : 3.3333333,
    "meanResTime" : 2971.1399999999994,
    "medianResTime" : 2118.5,
    "minResTime" : 122.0,
    "maxResTime" : 20939.0,
    "pct1ResTime" : 5666.300000000001,
    "pct2ResTime" : 7700.899999999999,
    "pct3ResTime" : 16470.88,
    "throughput" : 8.283860278889962,
    "receivedKBytesPerSec" : 91.18283924996547,
    "sentKBytesPerSec" : 3.769803603479221
  },
  "Access Home-2" : {
    "transaction" : "Access Home-2",
    "sampleCount" : 300,
    "errorCount" : 12,
    "errorPct" : 4.0,
    "meanResTime" : 2013.696666666667,
    "medianResTime" : 1015.5,
    "minResTime" : 75.0,
    "maxResTime" : 29879.0,
    "pct1ResTime" : 4969.500000000004,
    "pct2ResTime" : 5635.599999999999,
    "pct3ResTime" : 17208.090000000007,
    "throughput" : 9.23986694591598,
    "receivedKBytesPerSec" : 91.19258409241407,
    "sentKBytesPerSec" : 1.0918202152888998
  }
}